{"cameraMode":{"drawMode":0,"name":"Shaded","section":"Shading Mode"},"sceneLighting":true,"audioPlay":false,"sceneViewState":{"showFog":true,"showMaterialUpdate":false,"showSkybox":true,"showFlares":true,"showImageEffects":true,"showParticleSystems":true},"in2DMode":false,"pivot":{"x":749.152587890625,"y":457.81414794921877,"z":899.0591430664063},"rotation":{"x":0.10897473990917206,"y":-0.00984131172299385,"z":-0.0010999731021001936,"w":-0.9940636157989502},"size":1892.9564208984375,"orthographic":false}