{"cameraMode":{"drawMode":0,"name":"Shaded","section":"Shading Mode"},"sceneLighting":true,"audioPlay":false,"sceneViewState":{"showFog":true,"showMaterialUpdate":false,"showSkybox":true,"showFlares":true,"showImageEffects":true,"showParticleSystems":true},"in2DMode":false,"pivot":{"x":-2.76777982711792,"y":-1.7991104125976563,"z":7.223165988922119},"rotation":{"x":-0.1909210979938507,"y":0.04620436951518059,"z":-0.009049974381923676,"w":-0.9805141687393189},"size":13.98608112335205,"orthographic":false}