{"cameraMode":{"drawMode":0,"name":"Shaded","section":"Shading Mode"},"sceneLighting":false,"audioPlay":false,"sceneViewState":{"showFog":true,"showMaterialUpdate":false,"showSkybox":false,"showFlares":true,"showImageEffects":true,"showParticleSystems":true},"in2DMode":false,"pivot":{"x":-0.015035629272460938,"y":2.244739532470703,"z":0.013158798217773438},"rotation":{"x":-0.11586761474609375,"y":0.14015386998653413,"z":-0.01657331921160221,"w":-0.9832254648208618},"size":232.2941436767578,"orthographic":false}