{"cameraMode":{"drawMode":0,"name":"Shaded","section":"Shading Mode"},"sceneLighting":false,"audioPlay":false,"sceneViewState":{"showFog":true,"showMaterialUpdate":false,"showSkybox":false,"showFlares":true,"showImageEffects":true,"showParticleSystems":true},"in2DMode":false,"pivot":{"x":-7.425684452056885,"y":-5.090255260467529,"z":11.676726341247559},"rotation":{"x":-0.14258065819740296,"y":0.4153670072555542,"z":-0.06609871238470078,"w":-0.895980179309845},"size":14.467446327209473,"orthographic":false}