{"cameraMode":{"drawMode":0,"name":"Shaded","section":"Shading Mode"},"sceneLighting":false,"audioPlay":false,"sceneViewState":{"showFog":true,"showMaterialUpdate":false,"showSkybox":false,"showFlares":true,"showImageEffects":true,"showParticleSystems":true},"in2DMode":false,"pivot":{"x":-0.8399999141693115,"y":1.8828999996185303,"z":-3.1638998985290529},"rotation":{"x":-0.4643704891204834,"y":-0.03399594873189926,"z":0.017842067405581476,"w":-0.8848103880882263},"size":1.8521205186843873,"orthographic":false}