{"cameraMode":{"drawMode":0,"name":"Shaded","section":"Shading Mode"},"sceneLighting":false,"audioPlay":false,"sceneViewState":{"showFog":true,"showMaterialUpdate":false,"showSkybox":false,"showFlares":true,"showImageEffects":true,"showParticleSystems":true},"in2DMode":false,"pivot":{"x":485.39019775390627,"y":264.9560852050781,"z":25.095102310180665},"rotation":{"x":-0.1740686148405075,"y":0.39013102650642397,"z":-0.07530847191810608,"w":-0.9010450839996338},"size":55.41575622558594,"orthographic":false}