{"cameraMode":{"drawMode":0,"name":"Shaded","section":"Shading Mode"},"sceneLighting":false,"audioPlay":false,"sceneViewState":{"showFog":true,"showMaterialUpdate":false,"showSkybox":false,"showFlares":true,"showImageEffects":true,"showParticleSystems":true},"in2DMode":false,"pivot":{"x":4.546111583709717,"y":-147.7729034423828,"z":216.1332244873047},"rotation":{"x":-0.29294177889823916,"y":-0.010912567377090454,"z":0.0033060454297810795,"w":-0.9560976624488831},"size":2.8578836917877199,"orthographic":false}