{"cameraMode":{"drawMode":0,"name":"Shaded","section":"Shading Mode"},"sceneLighting":false,"audioPlay":false,"sceneViewState":{"showFog":true,"showMaterialUpdate":false,"showSkybox":false,"showFlares":true,"showImageEffects":true,"showParticleSystems":true},"in2DMode":false,"pivot":{"x":-1.253511667251587,"y":2.9811201095581056,"z":-7.846330642700195},"rotation":{"x":-0.4445405900478363,"y":0.022030392661690713,"z":-0.010935251601040364,"w":-0.8954235911369324},"size":1.7305344343185425,"orthographic":false}