{"cameraMode":{"drawMode":0,"name":"Shaded","section":"Shading Mode"},"sceneLighting":false,"audioPlay":false,"sceneViewState":{"showFog":true,"showMaterialUpdate":false,"showSkybox":false,"showFlares":true,"showImageEffects":true,"showParticleSystems":true},"in2DMode":false,"pivot":{"x":3.399250030517578,"y":1.0856364965438843,"z":-2.2516896724700929},"rotation":{"x":-0.2712589502334595,"y":0.027988523244857789,"z":-0.007947002537548542,"w":-0.9621061682701111},"size":2.3040990829467775,"orthographic":false}