{"cameraMode":{"drawMode":0,"name":"Shaded","section":"Shading Mode"},"sceneLighting":true,"audioPlay":false,"sceneViewState":{"showFog":true,"showMaterialUpdate":false,"showSkybox":true,"showFlares":true,"showImageEffects":true,"showParticleSystems":true},"in2DMode":false,"pivot":{"x":-0.5193792581558228,"y":-1.8904290199279786,"z":2.7104482650756838},"rotation":{"x":-0.4338902533054352,"y":0.008633614517748356,"z":-0.004193268250674009,"w":-0.9009539484977722},"size":10.663785934448243,"orthographic":false}