{"cameraMode":{"drawMode":0,"name":"Shaded","section":"Shading Mode"},"sceneLighting":true,"audioPlay":false,"sceneViewState":{"showFog":false,"showMaterialUpdate":true,"showSkybox":false,"showFlares":true,"showImageEffects":true,"showParticleSystems":true},"in2DMode":false,"pivot":{"x":1.331465244293213,"y":2.9410791397094728,"z":-2.97462797164917},"rotation":{"x":-0.28421279788017275,"y":0.027892107143998147,"z":-0.008272235281765461,"w":-0.9583197832107544},"size":16.958812713623048,"orthographic":false}